{"cameraMode":{"drawMode":0,"name":"Shaded","section":"Shading Mode"},"sceneLighting":true,"audioPlay":false,"sceneViewState":{"m_AlwaysRefresh":false,"showFog":true,"showSkybox":true,"showFlares":true,"showImageEffects":true,"showParticleSystems":true,"showVisualEffectGraphs":true,"m_FxEnabled":true},"in2DMode":false,"pivot":{"x":882.2940673828125,"y":535.7155151367188,"z":-26.724700927734376},"rotation":{"x":-0.05395635589957237,"y":-0.025460008531808854,"z":-0.001375866704620421,"w":0.9982194900512695},"size":328.2530212402344,"orthographic":true}